Workbook

Sheet Dados Brutos
A1: Vocacao | B1: Level | C1: Modo | D1: Local | E1: XP-h Raw (kk) | F1: Profit-h (kk) | G1: Titulo do video | H1: URL
A2: EK | B2: 1148 | C2: Solo | D2: Grounds of Despair (Pumin) | E2: 8 | F2: 2.8 | G2: EK 1148 Hunt Solo Grounds of Despair (Pumin) 8kk/h Raw + 2.8kk Profit - Tibia Hunt [15.30] | H2: https://www.youtube.com/@TibiaHunt/videos
A3: ED | B3: 1336 | C3: x4 | D3: Putrefactory | E3: 17 | F3: 5.8 | G3: ED 1336 Hunt x4 Putrefactory 17kk/h Raw + 5.8kk Profit - Tibia Hunt [15.30] | H3: https://www.youtube.com/@TibiaHunt/videos
A4: EK | B4: 442 | C4: Solo | D4: Kilmaresh Catacombs | E4: 6.2 | G4: EK 442 Hunt Solo Kilmaresh Catacombs 6.2kk/h Raw - Tibia Hunt | H4: https://www.youtube.com/watch?v=AZnQORbwiwI
A5: RP | B5: 549 | C5: Solo | D5: West Roshamuul | E5: 5.5 | F5: 1 | G5: RP 549 Hunt Solo West Roshamuul 5.5kk/h Raw + 1kk Profit - Tibia Hunt [13.22] | H5: https://www.youtube.com/watch?v=-FwKqsHogNc
A6: MS | B6: 950 | C6: Solo | D6: Ingol (-3) | E6: 11.4 | F6: 2.3 | G6: MS 950+ Hunt Solo Ingol (-3) 11.4kk/h Raw + 2.3kk Profit - Tibia Hunt | H6: https://www.youtube.com/watch?v=of8kNtyAo6E
A7: MS | B7: 1357 | C7: Solo | D7: Nimmersatt's Breeding Ground (Prey Atk) | E7: 10.7 | F7: 2.4 | G7: MS 1357 Hunt Solo Nimmersatt's Breedig Ground (Prey Atk) 10.7kk/h Raw + 2.4kk Profit - Tibia Hunt | H7: https://www.youtube.com/watch?v=LFq_-p8uBv8
A8: EK | B8: 337 | C8: Solo | D8: Deeper Banuta | E8: 2.4 | G8: EK 337 | Tibia Hunt Solo | Deeper Banuta | 2.4kk/h Raw + ... | H8: https://m.youtube.com/watch?v=tzojZrgVTTI
A9: EK | B9: 1017 | C9: Solo | D9: Cobra Bastion | E9: 8.5 | F9: 1.4 | G9: EK 1017 Hunt Solo Cobra Bastion 8.5kk/h Raw + 1.4kk Profit - Tibia Hunt [13.36] | H9: https://www.youtube.com/watch?v=SibTSz63Bn4
A10: EK | B10: 100 | C10: Solo | D10: Cult Carlin | E10: 1.75 | G10: [EK 100+] Hunt Knight Solo Cult Carlin | 1.75kk/h | Fast Exp - Tibia | H10: https://www.youtube.com/watch?v=oqsAevOlH4Q
A11: EK | B11: 100 | C11: Solo | D11: Drefia Wyrm Caves | E11: 1 | G11: EK SOLO LVL 100+ 1KK XP/H - SKILLS 85/81 - Drefia Wyrm Caves - TIBIA HUNT | H11: https://www.youtube.com/watch?v=gvYbVcV1nDI
A12: Mage | B12: 200 | C12: Solo | D12: (nao especificado) | E12: 2 | G12: 2kk XP/h na Raw SOLO! Tibia Hunt Mage lvl 200 | H12: https://www.youtube.com/watch?v=yGtB8_JezHo
A13: MS | B13: 400 | C13: x4 | D13: Bulltars -2 | E13: 5 | G13: Tibia: Hunt Bulltars -2 - Pt x4 Lv 400+ POV Master Sorcerer - 5kk/h raw | H13: https://www.youtube.com/watch?v=rNeeXV5mPis
A14: EK | B14: 309 | C14: x4 | D14: Buried Cathedral -3 | E14: 2.9 | F14: 0.6 | G14: EK 309 | Tibia Hunt x4 | Buried Cathedral -3 | 2.9kk/h Raw + 600k/h Profit | H14: https://www.youtube.com/watch?v=ma6hvVVg2d4
A15: ED | B15: 300 | C15: x4 | D15: Roshamuul Prison -3 | E15: 4.5 | F15: 1.6 | G15: ED 300 Hunt x4 Roshamuul Prison -3 4.5kk/h Raw + 1.6kk Profit - Tibia Hunt [14.12] | H15: https://www.youtube.com/watch?v=HKnDFjdAN3Y
A16: N/D | B16: 350 | C16: x4 | D16: Flimsy Lost Souls | E16: 5.5 | F16: 1 | G16: Flimsy! Team Hunt x4 Hardcore! De 5 a 6kk de exp raw! y 1kk de Profit por H! 350+ | H16: https://www.youtube.com/watch?v=qrCnsBVTsEw
A17: N/D | B17: 400 | C17: x4 | D17: Goanna | E17: 12 | G17: Hunt x4 - Goanna - Level 400+ Raw XP ate 12kk/hora - Tibia | H17: https://www.youtube.com/watch?v=kNzyDoaobHI
A18: N/D | B18: 150 | C18: x4 | D18: Ripper Spectre | E18: 2.2 | G18: Tibia - Hunt Ripper Spectre PT X4 LVL 150+ 2.2kk Raw - Tibia Hunt | H18: https://www.youtube.com/watch?v=yaB9T--O3Ek
A20: Fonte: titulos de videos do canal youtube.com/@TibiaHunt (e videos de outros criadores achados via busca referenciando o mesmo formato de titulo). XP/h 'Raw' e o valor bruto de experiencia por hora mostrado pelo Hunt Analyzer do jogo, por personagem (mesmo em grupo). Coletado em 2026-08-06.

Sheet Medias por Faixa
A1: Faixa de nivel | B1: Nivel min | C1: Nivel max | D1: Media XP-h Solo (kk) | E1: Amostras Solo | F1: Media XP-h Grupo x4 (kk) | G1: Amostras Grupo | H1: Grupo / Solo
A2: 1-150 | B2: 1 | C2: 150 | D2: =IFERROR(AVERAGEIFS('Dados Brutos'!$E$2:$E$18,'Dados Brutos'!$B$2:$B$18,">="&B2,'Dados Brutos'!$B$2:$B$18,"<="&C2,'Dados Brutos'!$C$2:$C$18,"Solo"),"sem dados") | E2: =COUNTIFS('Dados Brutos'!$B$2:$B$18,">="&B2,'Dados Brutos'!$B$2:$B$18,"<="&C2,'Dados Brutos'!$C$2:$C$18,"Solo") | F2: =IFERROR(AVERAGEIFS('Dados Brutos'!$E$2:$E$18,'Dados Brutos'!$B$2:$B$18,">="&B2,'Dados Brutos'!$B$2:$B$18,"<="&C2,'Dados Brutos'!$C$2:$C$18,"x4"),"sem dados") | G2: =COUNTIFS('Dados Brutos'!$B$2:$B$18,">="&B2,'Dados Brutos'!$B$2:$B$18,"<="&C2,'Dados Brutos'!$C$2:$C$18,"x4") | H2: =IFERROR(F2/D2,"n/a")
A3: 151-350 | B3: 151 | C3: 350 | D3: =IFERROR(AVERAGEIFS('Dados Brutos'!$E$2:$E$18,'Dados Brutos'!$B$2:$B$18,">="&B3,'Dados Brutos'!$B$2:$B$18,"<="&C3,'Dados Brutos'!$C$2:$C$18,"Solo"),"sem dados") | E3: =COUNTIFS('Dados Brutos'!$B$2:$B$18,">="&B3,'Dados Brutos'!$B$2:$B$18,"<="&C3,'Dados Brutos'!$C$2:$C$18,"Solo") | F3: =IFERROR(AVERAGEIFS('Dados Brutos'!$E$2:$E$18,'Dados Brutos'!$B$2:$B$18,">="&B3,'Dados Brutos'!$B$2:$B$18,"<="&C3,'Dados Brutos'!$C$2:$C$18,"x4"),"sem dados") | G3: =COUNTIFS('Dados Brutos'!$B$2:$B$18,">="&B3,'Dados Brutos'!$B$2:$B$18,"<="&C3,'Dados Brutos'!$C$2:$C$18,"x4") | H3: =IFERROR(F3/D3,"n/a")
A4: 351-600 | B4: 351 | C4: 600 | D4: =IFERROR(AVERAGEIFS('Dados Brutos'!$E$2:$E$18,'Dados Brutos'!$B$2:$B$18,">="&B4,'Dados Brutos'!$B$2:$B$18,"<="&C4,'Dados Brutos'!$C$2:$C$18,"Solo"),"sem dados") | E4: =COUNTIFS('Dados Brutos'!$B$2:$B$18,">="&B4,'Dados Brutos'!$B$2:$B$18,"<="&C4,'Dados Brutos'!$C$2:$C$18,"Solo") | F4: =IFERROR(AVERAGEIFS('Dados Brutos'!$E$2:$E$18,'Dados Brutos'!$B$2:$B$18,">="&B4,'Dados Brutos'!$B$2:$B$18,"<="&C4,'Dados Brutos'!$C$2:$C$18,"x4"),"sem dados") | G4: =COUNTIFS('Dados Brutos'!$B$2:$B$18,">="&B4,'Dados Brutos'!$B$2:$B$18,"<="&C4,'Dados Brutos'!$C$2:$C$18,"x4") | H4: =IFERROR(F4/D4,"n/a")
A5: 601-1000 | B5: 601 | C5: 1000 | D5: =IFERROR(AVERAGEIFS('Dados Brutos'!$E$2:$E$18,'Dados Brutos'!$B$2:$B$18,">="&B5,'Dados Brutos'!$B$2:$B$18,"<="&C5,'Dados Brutos'!$C$2:$C$18,"Solo"),"sem dados") | E5: =COUNTIFS('Dados Brutos'!$B$2:$B$18,">="&B5,'Dados Brutos'!$B$2:$B$18,"<="&C5,'Dados Brutos'!$C$2:$C$18,"Solo") | F5: =IFERROR(AVERAGEIFS('Dados Brutos'!$E$2:$E$18,'Dados Brutos'!$B$2:$B$18,">="&B5,'Dados Brutos'!$B$2:$B$18,"<="&C5,'Dados Brutos'!$C$2:$C$18,"x4"),"sem dados") | G5: =COUNTIFS('Dados Brutos'!$B$2:$B$18,">="&B5,'Dados Brutos'!$B$2:$B$18,"<="&C5,'Dados Brutos'!$C$2:$C$18,"x4") | H5: =IFERROR(F5/D5,"n/a")
A6: 1001-1400 | B6: 1001 | C6: 1400 | D6: =IFERROR(AVERAGEIFS('Dados Brutos'!$E$2:$E$18,'Dados Brutos'!$B$2:$B$18,">="&B6,'Dados Brutos'!$B$2:$B$18,"<="&C6,'Dados Brutos'!$C$2:$C$18,"Solo"),"sem dados") | E6: =COUNTIFS('Dados Brutos'!$B$2:$B$18,">="&B6,'Dados Brutos'!$B$2:$B$18,"<="&C6,'Dados Brutos'!$C$2:$C$18,"Solo") | F6: =IFERROR(AVERAGEIFS('Dados Brutos'!$E$2:$E$18,'Dados Brutos'!$B$2:$B$18,">="&B6,'Dados Brutos'!$B$2:$B$18,"<="&C6,'Dados Brutos'!$C$2:$C$18,"x4"),"sem dados") | G6: =COUNTIFS('Dados Brutos'!$B$2:$B$18,">="&B6,'Dados Brutos'!$B$2:$B$18,"<="&C6,'Dados Brutos'!$C$2:$C$18,"x4") | H6: =IFERROR(F6/D6,"n/a")
A8: MEDIA GERAL (todas as faixas) | D8: =AVERAGEIFS('Dados Brutos'!$E$2:$E$18,'Dados Brutos'!$C$2:$C$18,"Solo") | F8: =AVERAGEIFS('Dados Brutos'!$E$2:$E$18,'Dados Brutos'!$C$2:$C$18,"x4") | H8: =F8/D8
A10: Valores em 'kk' = milhoes de XP/hora (padrao usado pelos videos do Tibia). Amostra pequena (17 pontos, de videos publicos do YouTube) -- serve como referencia real de XP/hora no Tibia global, nao como media estatisticamente robusta. Faixas sem amostra de um dos dois modos mostram 'sem dados'.
